[
  {
    "_id": "5590c4cf85a2e84c1114e568",
    "type": true,
    "status": true,
    "person": "5590be3585a2e84c1114e551",
    "product": "5590c10785a2e84c1114e559",
    "__v": 0
  },
  {
    "_id": "5590c4d585a2e84c1114e569",
    "type": true,
    "status": true,
    "person": "5590be3585a2e84c1114e551",
    "product": "5590c12885a2e84c1114e55a",
    "__v": 0
  },
  {
    "_id": "5590c4d585a2e84c1114e56a",
    "type": true,
    "status": true,
    "person": "5590be6d85a2e84c1114e552",
    "product": "5590c13e85a2e84c1114e55b",
    "__v": 0
  }
]