[
  {
    "_id": "5590be3585a2e84c1114e551",
    "code": "AE60542",
    "codeType": "cin",
    "lastName": "benaich",
    "firstName": "med",
    "gender": false,
    "birthDay": "1992-06-29T03:41:33.289Z",
    "country": "maroc",
    "description": "description",
    "address": "lot charaf n42 salé",
    "city": "rabat",
    "tel": "+212644284512",
    "isArchived": false,
    "isBanned": false,
    "__v": 0,
    "reservations": ["5590c5f185a2e84c1114e56c"],
    "allocations": ["5590c4cf85a2e84c1114e568", "5590c4d585a2e84c1114e569"],
    "updated": "2015-06-29T03:40:37.137Z"
  },
  {
    "_id": "5590be6d85a2e84c1114e552",
    "code": "AZ4522",
    "codeType": "cin",
    "lastName": "adami",
    "firstName": "Adil",
    "gender": false,
    "birthDay": "1995-01-29T03:41:33.289Z",
    "country": "maroc",
    "description": "description",
    "address": "avenue de france rabat agdal",
    "city": "rabat",
    "tel": "+21266522512",
    "isArchived": false,
    "isBanned": false,
    "__v": 0,
    "reservations": ["5590c5c985a2e84c1114e56b"],
    "allocations": ["5590c4d585a2e84c1114e56a"],
    "updated": "2015-06-29T03:41:33.289Z"
  },
  {
    "_id": "5590be6d85a2e84c1114e553",
    "code": "AZ022",
    "codeType": "cin",
    "lastName": "ismail",
    "firstName": "badi",
    "gender": false,
    "birthDay": "1992-01-29T03:41:33.289Z",
    "country": "maroc",
    "description": "description",
    "address": "avenue de france rabat agdal",
    "city": "rabat",
    "tel": "+21266522512",
    "isArchived": false,
    "isBanned": false,
    "__v": 0,
    "reservations": [],
    "allocations": [],
    "updated": "2015-06-29T03:41:33.289Z"
  },
  {
    "_id": "5590be6d85a2e84c1114e511",
    "code": "EA4522",
    "codeType": "cin",
    "lastName": "amzian",
    "firstName": "sara",
    "gender": true,
    "birthDay": "1994-05-19T03:41:33.289Z",
    "country": "maroc",
    "description": "description",
    "address": "avenue de france rabat agdal",
    "city": "tanger",
    "tel": "+21266220512",
    "isArchived": false,
    "isBanned": false,
    "__v": 0,
    "reservations": [],
    "allocations": [],
    "updated": "2015-06-29T03:41:33.289Z"
  },
  {
    "_id": "5590be6d85a2e84c1114e052",
    "code": "AZ4520",
    "codeType": "cin",
    "lastName": "rachad",
    "firstName": "yassine",
    "gender": false,
    "birthDay": "1992-02-19T03:41:33.289Z",
    "country": "maroc",
    "description": "description",
    "address": "avenue de france rabat agdal",
    "city": "rabat",
    "tel": "+21266020512",
    "isArchived": false,
    "isBanned": false,
    "__v": 0,
    "reservations": [],
    "allocations": [],
    "updated": "2015-06-29T03:41:33.289Z"
  },
  {
    "_id": "5590be6d85a2e84c1114e022",
    "code": "EA4522",
    "codeType": "cin",
    "lastName": "falah",
    "firstName": "soumia",
    "gender": true,
    "birthDay": "1993-05-19T03:41:33.289Z",
    "country": "maroc",
    "description": "description",
    "address": "avenue de france rabat agdal",
    "city": "casablanca",
    "tel": "+21266220512",
    "isArchived": false,
    "isBanned": false,
    "__v": 0,
    "reservations": [],
    "allocations": [],
    "updated": "2015-06-29T03:41:33.289Z"
  }
]