[
  {
    "_id": "5590c5c985a2e84c1114e56b",
    "status": true,
    "price": 1300,
    "__v": 0,
    "dateFrom": "2015-04-23T00:00:00.000Z",
    "dateTo": "2016-04-23T00:00:00.000Z",
    "datePayement": "2015-04-23T00:00:00.000Z",
    "person": "5590be6d85a2e84c1114e552",
	"room": "5590c2d685a2e84c1114e562"
  },
  {
    "_id": "5590c5f185a2e84c1114e56c",
    "dateTo": "2016-06-13T00:00:00.000Z",
    "status": true,
    "price": 1500,
    "__v": 0,
    "dateFrom": "2015-06-13T00:00:00.000Z",
    "datePayement": "2015-06-13T00:00:00.000Z",
    "person": "5590be3585a2e84c1114e551",
	"room": "5590c2d685a2e84c1114e562"
  }
]